<?xml version="1.0" encoding="utf-8"?>
<ApplicationInstallerManifest>
   <DefaultInstallationDirectory>%AppData%\Fontys Hogeschool Engineering\DoE_Eindopdracht\</DefaultInstallationDirectory>
   <ApplicationName>DoE_Eindopdracht</ApplicationName>
   <ExecutableName>application\DoE_Eindopdracht.exe</ExecutableName>
   <GUID>d5e5601a-0c18-43c8-afbe-897905fdac8f</GUID>
   <ApplicationIcon>icon_48.png</ApplicationIcon>
   <Logo>installer_app.jpg</Logo>
   <Version>1.0</Version>
   <InstallationNotes>Bij voorkeur de app installeren op de Desktop!

Runtime wordt eenmalig geinstalleerd.</InstallationNotes>
   <AddRemoveProgramIcon>application\icon.ico</AddRemoveProgramIcon>
   <AuthorOrganization>Fontys Hogeschool Engineering</AuthorOrganization>
   <Summary>Creditcard Spuitgiet Simulator</Summary>
   <WelcomePanelText>DoE_Eindopdracht 1.0
Creditcard Spuitgiet Simulator

Simulatie applicatie voor het spuitgierproces van een creditcard. App maakt onderdeel uit van het vak PM3P3: Design of Experiments

ir. R.G.P. (Rob) Ritzen
rob.ritzen@fontys.nl</WelcomePanelText>
   <MCRProducts>
      <MCRProduct>
         <ExternalProductIdentifier>35000</ExternalProductIdentifier>
      </MCRProduct>
      <MCRProduct>
         <ExternalProductIdentifier>35010</ExternalProductIdentifier>
      </MCRProduct>
      <MCRProduct>
         <ExternalProductIdentifier>35106</ExternalProductIdentifier>
      </MCRProduct>
      <MCRProduct>
         <ExternalProductIdentifier>35108</ExternalProductIdentifier>
      </MCRProduct>
      <MCRProduct>
         <ExternalProductIdentifier>35112</ExternalProductIdentifier>
      </MCRProduct>
      <MCRProduct>
         <ExternalProductIdentifier>35117</ExternalProductIdentifier>
      </MCRProduct>
      <MCRProduct>
         <ExternalProductIdentifier>35119</ExternalProductIdentifier>
      </MCRProduct>
      <MCRProduct>
         <ExternalProductIdentifier>35180</ExternalProductIdentifier>
      </MCRProduct>
      <MCRProduct>
         <ExternalProductIdentifier>35196</ExternalProductIdentifier>
      </MCRProduct>
   </MCRProducts>
</ApplicationInstallerManifest>